{
    "loss": 0.5367850661277771,
    "accuracy": 0.786821722984314
}