{
    "loss": 0.5712102651596069,
    "accuracy": 0.786821722984314
}