{
    "loss": 1.111926555633545,
    "accuracy": 0.786821722984314
}